<!DOCTYPE project>
<!-- 2020/04/06_12:50:00 -->
<project name="buildGit" basedir="." default="end">

	<target name="init">

		<property name="rootDir" location="C:/e412/w/w20" />
		<property name="tmpDir" location="C:/tmp" />
		<property file="C:/password.txt" />

		<property name="dirPrime64Lgpl" location="${tmpDir}/prime64Lgpl" />
		<property name="dirSrcNDoc" location="${tmpDir}/srcNDoc" />

		<property name="prime64Git" location="C:\e412\w\myGit\bin\comb" />

		<!-- 需要先 checkout github.com 的內容 -->
		<!--<exec executable="C:/e412/w/w20/src/notJavaFile/checkDirForGithub.bat">
		</exec>-->
		
		<tstamp>
			<format property="myTime" pattern="yyyy/MM/dd_HH:mm:ss" />
			<format property="myMMdd" pattern="MMdd" />
	    </tstamp>

		<echo message="myTime=${myTime}" />
		
		<delete includeemptydirs="true">
			<fileset dir="${tmpDir}" includes="**/*" />
		</delete>
		 
		<delete includeemptydirs="true">
			<fileset dir="${prime64Git}" includes="**/*.jar" />
			<fileset dir="${prime64Git}" includes="**/*.zip" />
		</delete>
		
		<record name="${tmpDir}/log${myMMdd}.txt" action="start" />
		
		<!-- 高考普考 -->
		<copy file="${rootDir}\src\lgpl3\recycle\EnMapper.java" tofile="${prime64Git}/EnMapper.java" />
		
	</target>

	<target name="setUpdatedTime">

		<!--adjust-->
		<copy file="${rootDir}/src/lgpl3/o/B.java" tofile="${tmpDir}/B.java" />
		<copy file="${rootDir}/src/lgpl3/o/O.java" tofile="${tmpDir}/O.java" />

		<copy file="${rootDir}/src/lgpl3/other/jsp/Jsp_D.java" tofile="${tmpDir}/Jsp_D.java" />
		<copy file="${rootDir}/src/lgpl3/other/sample/Ex989_ScanHttpPage.java" tofile="${tmpDir}/Ex989_ScanHttpPage.java" />

		<java classname="lgpl3.other.sample.Ex994_ReplaceTimestamp" failonerror="true" fork="false">

			<classpath>
				<pathelement location="C:/e412/w/w20/build/classes" />
			</classpath>

		</java>

		<copy file="${tmpDir}/B.java" tofile="${dirPrime64Lgpl}/src/lgpl3/o/B.java" />
		<copy file="${tmpDir}/O.java" tofile="${dirPrime64Lgpl}/src/lgpl3/o/O.java" />

		<copy file="${tmpDir}/Jsp_D.java" tofile="${dirPrime64Lgpl}/src/lgpl3/other/jsp/Jsp_D.java" />
		<copy file="${tmpDir}/Ex989_ScanHttpPage.java" tofile="${dirPrime64Lgpl}/src/lgpl3/other/sample/Ex989_ScanHttpPage.java" />

	</target>

	<target name="moveFileForToCompile">

		<copy todir="${dirPrime64Lgpl}/src">

			<fileset dir="${rootDir}/src" casesensitive="yes">

				<exclude name="**/*GMail*.java" />

			</fileset>

		</copy>

	</target>

	<target name="compileNJar">

		<mkdir dir="${dirPrime64Lgpl}/allClass" />

		<javac optimize="on" includeantruntime="true" srcdir="${dirPrime64Lgpl}/src" destdir="${dirPrime64Lgpl}/allClass" encoding="UTF-8" debug="true" fork="true" executable="C:/jdk7/bin/javac" compiler="javac1.7" source="1.7" target="1.7">

			<compilerarg value="-Xlint:unchecked" />

		</javac>

		<jar destfile="${dirPrime64Lgpl}/prime64Lgpl3.jar">

			<manifest>

				<attribute name="Main-Class" value="lgpl3.other.uI.Main" />
				<attribute name="Updated" value="${myTime}" />

			</manifest>

			<fileset dir="${dirPrime64Lgpl}/allClass">

				<include name="lgpl3/**" />

			</fileset>

		</jar>

		<!--fuck-->
		<copy file="${dirPrime64Lgpl}/prime64Lgpl3.jar" tofile="${tmpDir}/prime64Lgpl3.jar" />
		<copy file="${dirPrime64Lgpl}/prime64Lgpl3.jar" tofile="C:/Users/gau/Desktop/prime64Lgpl3.jar" />
		<copy file="${dirPrime64Lgpl}/prime64Lgpl3.jar" tofile="C:/e412/prime64Lgpl3.jar" />
	
	</target>

	<target name="toTest">

		<java classname="lgpl3.other.sample.Ex902_TestOnMinePrime" failonerror="true" fork="true">

			<classpath>
				<pathelement location="${tmpDir}/prime64Lgpl3.jar" />
			</classpath>

		</java>

		<java classname="lgpl3.other.sample.Ex905_TestOnMarkPrime" failonerror="true" fork="true">

			<classpath>
				<pathelement location="${tmpDir}/prime64Lgpl3.jar" />
			</classpath>

		</java>

		<java classname="lgpl3.other.sample.Ex908_TestOnFraction" failonerror="true" fork="true">

			<classpath>
				<pathelement location="${tmpDir}/prime64Lgpl3.jar" />
			</classpath>

		</java>

		<java classname="lgpl3.comb.stirlingN.sample.Ex95_TestOnStirling" failonerror="true" fork="true">

			<classpath>
				<pathelement location="${tmpDir}/prime64Lgpl3.jar" />
			</classpath>

		</java>

		<java classname="lgpl3.comb.wDup.PWDup" failonerror="true" fork="true">

			<classpath>
				<pathelement location="${tmpDir}/prime64Lgpl3.jar" />
			</classpath>

		</java>

		<java classname="lgpl3.other.sample.Ex888_SearchSrc" failonerror="true" fork="true">

			<classpath>
				<pathelement location="${tmpDir}/prime64Lgpl3.jar" />
			</classpath>

		</java>

	</target>

	<target name="toJavaDoc">

	</target>

	<target name="moveFile">

		<!-- git -->
		<!--<copy file="${dirPrime64Lgpl}/prime64Lgpl3.jar" tofile="${prime64Git}/prime64Lgpl3_${myMMdd}.jar" />-->
		
		<copy file="${dirPrime64Lgpl}/prime64Lgpl3.jar" tofile="${prime64Git}/prime64Lgpl3.jar" />
		<!-- end git -->

	</target>

	<!-- -->
	<target name="end" depends="init, setUpdatedTime, moveFileForToCompile, compileNJar, toTest, toJavaDoc, moveFile">

		<copy todir="${dirSrcNDoc}/src">

			<fileset dir="${dirPrime64Lgpl}/src" casesensitive="yes">

				<include name="**/*" />

			</fileset>

		</copy>
		
		<!--<zip destfile="${prime64Git}/srcNDoc${myMMdd}.zip" encoding="UTF-8"> -->
		<zip destfile="${prime64Git}/srcNDoc.zip" encoding="UTF-8">

			<fileset dir="${dirSrcNDoc}" />
			
		</zip>
		
	</target>

</project>